year,Src,5 year avg,Src,previous 5 year avg
2013,FAOSTAT,24.20603797055309,WOAH,20.594136522691606
2018,FAOSTAT,11.58771882776753,WOAH,13.966596830919922
