year,5 year avg,previous 5 year avg
2013,WOAH,0,20.594136522691606
2018,WOAH,20.594136522691606,13.966596830919922
