year,Source,value
No date,FAO,-12.932192879711016
No date,FAO,6.1069745940554485
No date,WOAH,-12.301335350998723
