year,Source,value
No date,WOAH,-6.979279166143414
No date,WOAH,4.280161756694464
